figure_id,pdf_page,status,match_score,second_best_score,page_image,adversarial_image,message,,,
fig_001,1,ok,0.878896,,D:\Research\Final Stretch\SciFig-Evaluation-main\SciFig-Evaluation-main\adversarial_experiments\blur_figure_in_page\generated\fig_001_page.png,D:\Research\Final Stretch\SciFig-Evaluation-main\SciFig-Evaluation-main\adversarial_experiments\blur_figure_in_page\generated\fig_001_page_adverserial.png,template,,,
fig_003,6,ok,0.879053,,D:\Research\Final Stretch\SciFig-Evaluation-main\SciFig-Evaluation-main\adversarial_experiments\blur_figure_in_page\generated\fig_003_page.png,D:\Research\Final Stretch\SciFig-Evaluation-main\SciFig-Evaluation-main\adversarial_experiments\blur_figure_in_page\generated\fig_003_page_adverserial.png,template,,,
fig_004,7,ok,0.882123,,D:\Research\Final Stretch\SciFig-Evaluation-main\SciFig-Evaluation-main\adversarial_experiments\blur_figure_in_page\generated\fig_004_page.png,D:\Research\Final Stretch\SciFig-Evaluation-main\SciFig-Evaluation-main\adversarial_experiments\blur_figure_in_page\generated\fig_004_page_adverserial.png,template,,,
fig_005,7,manual,0.542943,,D:\Research\Final Stretch\SciFig-Evaluation-main\SciFig-Evaluation-main\adversarial_experiments\blur_figure_in_page\generated\fig_005_page.png,,below_threshold,,,
fig_006,7,ok,0.944132,,D:\Research\Final Stretch\SciFig-Evaluation-main\SciFig-Evaluation-main\adversarial_experiments\blur_figure_in_page\generated\fig_006_page.png,D:\Research\Final Stretch\SciFig-Evaluation-main\SciFig-Evaluation-main\adversarial_experiments\blur_figure_in_page\generated\fig_006_page_adverserial.png,template,,,
fig_007,9,ok,0.861364,0.3198,D:\Research\Final Stretch\SciFig-Evaluation-main\SciFig-Evaluation-main\adversarial_experiments\blur_figure_in_page\generated\fig_007_page.png,D:\Research\Final Stretch\SciFig-Evaluation-main\SciFig-Evaluation-main\adversarial_experiments\blur_figure_in_page\generated\fig_007_page_adverserial.png,template,,,
fig_008,17,ok,0.913389,,D:\Research\Final Stretch\SciFig-Evaluation-main\SciFig-Evaluation-main\adversarial_experiments\blur_figure_in_page\generated\fig_008_page.png,D:\Research\Final Stretch\SciFig-Evaluation-main\SciFig-Evaluation-main\adversarial_experiments\blur_figure_in_page\generated\fig_008_page_adverserial.png,template,,,
fig_009,25,ok,0.872222,,D:\Research\Final Stretch\SciFig-Evaluation-main\SciFig-Evaluation-main\adversarial_experiments\blur_figure_in_page\generated\fig_009_page.png,D:\Research\Final Stretch\SciFig-Evaluation-main\SciFig-Evaluation-main\adversarial_experiments\blur_figure_in_page\generated\fig_009_page_adverserial.png,template,,,
fig_010,4,ok,0.742752,0.434191,D:\Research\Final Stretch\SciFig-Evaluation-main\SciFig-Evaluation-main\adversarial_experiments\blur_figure_in_page\generated\fig_010_page.png,D:\Research\Final Stretch\SciFig-Evaluation-main\SciFig-Evaluation-main\adversarial_experiments\blur_figure_in_page\generated\fig_010_page_adverserial.png,embedded,,,
fig_011,8,ok,0.930844,,D:\Research\Final Stretch\SciFig-Evaluation-main\SciFig-Evaluation-main\adversarial_experiments\blur_figure_in_page\generated\fig_011_page.png,D:\Research\Final Stretch\SciFig-Evaluation-main\SciFig-Evaluation-main\adversarial_experiments\blur_figure_in_page\generated\fig_011_page_adverserial.png,template,,,
fig_012,4,ok,0.950831,0.022521,D:\Research\Final Stretch\SciFig-Evaluation-main\SciFig-Evaluation-main\adversarial_experiments\blur_figure_in_page\generated\fig_012_page.png,D:\Research\Final Stretch\SciFig-Evaluation-main\SciFig-Evaluation-main\adversarial_experiments\blur_figure_in_page\generated\fig_012_page_adverserial.png,template,,,
fig_013,18,ok,0.900199,,D:\Research\Final Stretch\SciFig-Evaluation-main\SciFig-Evaluation-main\adversarial_experiments\blur_figure_in_page\generated\fig_013_page.png,D:\Research\Final Stretch\SciFig-Evaluation-main\SciFig-Evaluation-main\adversarial_experiments\blur_figure_in_page\generated\fig_013_page_adverserial.png,template,,,
fig_014,13,ok,0.853983,,D:\Research\Final Stretch\SciFig-Evaluation-main\SciFig-Evaluation-main\adversarial_experiments\blur_figure_in_page\generated\fig_014_page.png,D:\Research\Final Stretch\SciFig-Evaluation-main\SciFig-Evaluation-main\adversarial_experiments\blur_figure_in_page\generated\fig_014_page_adverserial.png,template,,,
fig_015,8,manual,0.585732,,D:\Research\Final Stretch\SciFig-Evaluation-main\SciFig-Evaluation-main\adversarial_experiments\blur_figure_in_page\generated\fig_015_page.png,,below_threshold,,,
fig_016,19,ok,0.906258,,D:\Research\Final Stretch\SciFig-Evaluation-main\SciFig-Evaluation-main\adversarial_experiments\blur_figure_in_page\generated\fig_016_page.png,D:\Research\Final Stretch\SciFig-Evaluation-main\SciFig-Evaluation-main\adversarial_experiments\blur_figure_in_page\generated\fig_016_page_adverserial.png,template,,,
fig_017,2,ok,0.912895,0.0009,D:\Research\Final Stretch\SciFig-Evaluation-main\SciFig-Evaluation-main\adversarial_experiments\blur_figure_in_page\generated\fig_017_page.png,D:\Research\Final Stretch\SciFig-Evaluation-main\SciFig-Evaluation-main\adversarial_experiments\blur_figure_in_page\generated\fig_017_page_adverserial.png,template,,,
fig_018,22,ok,0.950003,,D:\Research\Final Stretch\SciFig-Evaluation-main\SciFig-Evaluation-main\adversarial_experiments\blur_figure_in_page\generated\fig_018_page.png,D:\Research\Final Stretch\SciFig-Evaluation-main\SciFig-Evaluation-main\adversarial_experiments\blur_figure_in_page\generated\fig_018_page_adverserial.png,template,,,
fig_019,23,ok,0.919766,,D:\Research\Final Stretch\SciFig-Evaluation-main\SciFig-Evaluation-main\adversarial_experiments\blur_figure_in_page\generated\fig_019_page.png,D:\Research\Final Stretch\SciFig-Evaluation-main\SciFig-Evaluation-main\adversarial_experiments\blur_figure_in_page\generated\fig_019_page_adverserial.png,template,,,
fig_020,7,ok,0.911948,,D:\Research\Final Stretch\SciFig-Evaluation-main\SciFig-Evaluation-main\adversarial_experiments\blur_figure_in_page\generated\fig_020_page.png,D:\Research\Final Stretch\SciFig-Evaluation-main\SciFig-Evaluation-main\adversarial_experiments\blur_figure_in_page\generated\fig_020_page_adverserial.png,template,,,
fig_021,8,ok,0.90207,,D:\Research\Final Stretch\SciFig-Evaluation-main\SciFig-Evaluation-main\adversarial_experiments\blur_figure_in_page\generated\fig_021_page.png,D:\Research\Final Stretch\SciFig-Evaluation-main\SciFig-Evaluation-main\adversarial_experiments\blur_figure_in_page\generated\fig_021_page_adverserial.png,template,,,
fig_022,19,ok,0.959732,,D:\Research\Final Stretch\SciFig-Evaluation-main\SciFig-Evaluation-main\adversarial_experiments\blur_figure_in_page\generated\fig_022_page.png,D:\Research\Final Stretch\SciFig-Evaluation-main\SciFig-Evaluation-main\adversarial_experiments\blur_figure_in_page\generated\fig_022_page_adverserial.png,template,,,
fig_023,4,ok,0.755136,0.358117,D:\Research\Final Stretch\SciFig-Evaluation-main\SciFig-Evaluation-main\adversarial_experiments\blur_figure_in_page\generated\fig_023_page.png,D:\Research\Final Stretch\SciFig-Evaluation-main\SciFig-Evaluation-main\adversarial_experiments\blur_figure_in_page\generated\fig_023_page_adverserial.png,template,,,
fig_024,5,ok,0.94194,,D:\Research\Final Stretch\SciFig-Evaluation-main\SciFig-Evaluation-main\adversarial_experiments\blur_figure_in_page\generated\fig_024_page.png,D:\Research\Final Stretch\SciFig-Evaluation-main\SciFig-Evaluation-main\adversarial_experiments\blur_figure_in_page\generated\fig_024_page_adverserial.png,template,,,
fig_025,15,ok,0.79634,,D:\Research\Final Stretch\SciFig-Evaluation-main\SciFig-Evaluation-main\adversarial_experiments\blur_figure_in_page\generated\fig_025_page.png,D:\Research\Final Stretch\SciFig-Evaluation-main\SciFig-Evaluation-main\adversarial_experiments\blur_figure_in_page\generated\fig_025_page_adverserial.png,template,,,
fig_026,4,ok,0.943246,,D:\Research\Final Stretch\SciFig-Evaluation-main\SciFig-Evaluation-main\adversarial_experiments\blur_figure_in_page\generated\fig_026_page.png,D:\Research\Final Stretch\SciFig-Evaluation-main\SciFig-Evaluation-main\adversarial_experiments\blur_figure_in_page\generated\fig_026_page_adverserial.png,template,,,
fig_027,6,ok,0.874384,,D:\Research\Final Stretch\SciFig-Evaluation-main\SciFig-Evaluation-main\adversarial_experiments\blur_figure_in_page\generated\fig_027_page.png,D:\Research\Final Stretch\SciFig-Evaluation-main\SciFig-Evaluation-main\adversarial_experiments\blur_figure_in_page\generated\fig_027_page_adverserial.png,template,,,
fig_028,7,ok,0.854255,,D:\Research\Final Stretch\SciFig-Evaluation-main\SciFig-Evaluation-main\adversarial_experiments\blur_figure_in_page\generated\fig_028_page.png,D:\Research\Final Stretch\SciFig-Evaluation-main\SciFig-Evaluation-main\adversarial_experiments\blur_figure_in_page\generated\fig_028_page_adverserial.png,template,,,
fig_029,3,ok,0.916948,,D:\Research\Final Stretch\SciFig-Evaluation-main\SciFig-Evaluation-main\adversarial_experiments\blur_figure_in_page\generated\fig_029_page.png,D:\Research\Final Stretch\SciFig-Evaluation-main\SciFig-Evaluation-main\adversarial_experiments\blur_figure_in_page\generated\fig_029_page_adverserial.png,template,,,
fig_030,10,ok,0.966629,,D:\Research\Final Stretch\SciFig-Evaluation-main\SciFig-Evaluation-main\adversarial_experiments\blur_figure_in_page\generated\fig_030_page.png,D:\Research\Final Stretch\SciFig-Evaluation-main\SciFig-Evaluation-main\adversarial_experiments\blur_figure_in_page\generated\fig_030_page_adverserial.png,template,,,
fig_031,6,ok,0.842681,,D:\Research\Final Stretch\SciFig-Evaluation-main\SciFig-Evaluation-main\adversarial_experiments\blur_figure_in_page\generated\fig_031_page.png,D:\Research\Final Stretch\SciFig-Evaluation-main\SciFig-Evaluation-main\adversarial_experiments\blur_figure_in_page\generated\fig_031_page_adverserial.png,template,,,
fig_032,7,ok,0.925434,0.499753,D:\Research\Final Stretch\SciFig-Evaluation-main\SciFig-Evaluation-main\adversarial_experiments\blur_figure_in_page\generated\fig_032_page.png,D:\Research\Final Stretch\SciFig-Evaluation-main\SciFig-Evaluation-main\adversarial_experiments\blur_figure_in_page\generated\fig_032_page_adverserial.png,template,,,
fig_033,26,ok,0.881466,,D:\Research\Final Stretch\SciFig-Evaluation-main\SciFig-Evaluation-main\adversarial_experiments\blur_figure_in_page\generated\fig_033_page.png,D:\Research\Final Stretch\SciFig-Evaluation-main\SciFig-Evaluation-main\adversarial_experiments\blur_figure_in_page\generated\fig_033_page_adverserial.png,template,,,
fig_034,4,ok,0.92985,0.29576,D:\Research\Final Stretch\SciFig-Evaluation-main\SciFig-Evaluation-main\adversarial_experiments\blur_figure_in_page\generated\fig_034_page.png,D:\Research\Final Stretch\SciFig-Evaluation-main\SciFig-Evaluation-main\adversarial_experiments\blur_figure_in_page\generated\fig_034_page_adverserial.png,template,,,
fig_035,8,ok,0.94006,0.184066,D:\Research\Final Stretch\SciFig-Evaluation-main\SciFig-Evaluation-main\adversarial_experiments\blur_figure_in_page\generated\fig_035_page.png,D:\Research\Final Stretch\SciFig-Evaluation-main\SciFig-Evaluation-main\adversarial_experiments\blur_figure_in_page\generated\fig_035_page_adverserial.png,template,,,
fig_036,16,ok,0.967753,,D:\Research\Final Stretch\SciFig-Evaluation-main\SciFig-Evaluation-main\adversarial_experiments\blur_figure_in_page\generated\fig_036_page.png,D:\Research\Final Stretch\SciFig-Evaluation-main\SciFig-Evaluation-main\adversarial_experiments\blur_figure_in_page\generated\fig_036_page_adverserial.png,template,,,
fig_037,15,ok,0.761043,,D:\Research\Final Stretch\SciFig-Evaluation-main\SciFig-Evaluation-main\adversarial_experiments\blur_figure_in_page\generated\fig_037_page.png,D:\Research\Final Stretch\SciFig-Evaluation-main\SciFig-Evaluation-main\adversarial_experiments\blur_figure_in_page\generated\fig_037_page_adverserial.png,template,,,
fig_038,7,ok,0.794681,,D:\Research\Final Stretch\SciFig-Evaluation-main\SciFig-Evaluation-main\adversarial_experiments\blur_figure_in_page\generated\fig_038_page.png,D:\Research\Final Stretch\SciFig-Evaluation-main\SciFig-Evaluation-main\adversarial_experiments\blur_figure_in_page\generated\fig_038_page_adverserial.png,template,,,
fig_039,20,ok,0.842524,,D:\Research\Final Stretch\SciFig-Evaluation-main\SciFig-Evaluation-main\adversarial_experiments\blur_figure_in_page\generated\fig_039_page.png,D:\Research\Final Stretch\SciFig-Evaluation-main\SciFig-Evaluation-main\adversarial_experiments\blur_figure_in_page\generated\fig_039_page_adverserial.png,template,,,
fig_040,25,ok,0.850321,,D:\Research\Final Stretch\SciFig-Evaluation-main\SciFig-Evaluation-main\adversarial_experiments\blur_figure_in_page\generated\fig_040_page.png,D:\Research\Final Stretch\SciFig-Evaluation-main\SciFig-Evaluation-main\adversarial_experiments\blur_figure_in_page\generated\fig_040_page_adverserial.png,template,,,
fig_041,8,ok,0.948665,0.353431,D:\Research\Final Stretch\SciFig-Evaluation-main\SciFig-Evaluation-main\adversarial_experiments\blur_figure_in_page\generated\fig_041_page.png,D:\Research\Final Stretch\SciFig-Evaluation-main\SciFig-Evaluation-main\adversarial_experiments\blur_figure_in_page\generated\fig_041_page_adverserial.png,template,,,
fig_042,7,ok,0.969046,,D:\Research\Final Stretch\SciFig-Evaluation-main\SciFig-Evaluation-main\adversarial_experiments\blur_figure_in_page\generated\fig_042_page.png,D:\Research\Final Stretch\SciFig-Evaluation-main\SciFig-Evaluation-main\adversarial_experiments\blur_figure_in_page\generated\fig_042_page_adverserial.png,template,,,
fig_043,8,ok,0.951926,,D:\Research\Final Stretch\SciFig-Evaluation-main\SciFig-Evaluation-main\adversarial_experiments\blur_figure_in_page\generated\fig_043_page.png,D:\Research\Final Stretch\SciFig-Evaluation-main\SciFig-Evaluation-main\adversarial_experiments\blur_figure_in_page\generated\fig_043_page_adverserial.png,template,,,
fig_044,5,ok,0.855734,,D:\Research\Final Stretch\SciFig-Evaluation-main\SciFig-Evaluation-main\adversarial_experiments\blur_figure_in_page\generated\fig_044_page.png,D:\Research\Final Stretch\SciFig-Evaluation-main\SciFig-Evaluation-main\adversarial_experiments\blur_figure_in_page\generated\fig_044_page_adverserial.png,template,,,
fig_045,7,ok,0.789674,,D:\Research\Final Stretch\SciFig-Evaluation-main\SciFig-Evaluation-main\adversarial_experiments\blur_figure_in_page\generated\fig_045_page.png,D:\Research\Final Stretch\SciFig-Evaluation-main\SciFig-Evaluation-main\adversarial_experiments\blur_figure_in_page\generated\fig_045_page_adverserial.png,template,,,
fig_046,6,manual,0.909692,0.909691,D:\Research\Final Stretch\SciFig-Evaluation-main\SciFig-Evaluation-main\adversarial_experiments\blur_figure_in_page\generated\fig_046_page.png,,ambiguous,,,
fig_047,31,ok,0.850898,,D:\Research\Final Stretch\SciFig-Evaluation-main\SciFig-Evaluation-main\adversarial_experiments\blur_figure_in_page\generated\fig_047_page.png,D:\Research\Final Stretch\SciFig-Evaluation-main\SciFig-Evaluation-main\adversarial_experiments\blur_figure_in_page\generated\fig_047_page_adverserial.png,template,,,
fig_048,15,ok,0.91467,,D:\Research\Final Stretch\SciFig-Evaluation-main\SciFig-Evaluation-main\adversarial_experiments\blur_figure_in_page\generated\fig_048_page.png,D:\Research\Final Stretch\SciFig-Evaluation-main\SciFig-Evaluation-main\adversarial_experiments\blur_figure_in_page\generated\fig_048_page_adverserial.png,template,,,
fig_049,14,ok,0.990499,0.794756,D:\Research\Final Stretch\SciFig-Evaluation-main\SciFig-Evaluation-main\adversarial_experiments\blur_figure_in_page\generated\fig_049_page.png,D:\Research\Final Stretch\SciFig-Evaluation-main\SciFig-Evaluation-main\adversarial_experiments\blur_figure_in_page\generated\fig_049_page_adverserial.png,embedded,,,
fig_050,8,ok,0.924936,,D:\Research\Final Stretch\SciFig-Evaluation-main\SciFig-Evaluation-main\adversarial_experiments\blur_figure_in_page\generated\fig_050_page.png,D:\Research\Final Stretch\SciFig-Evaluation-main\SciFig-Evaluation-main\adversarial_experiments\blur_figure_in_page\generated\fig_050_page_adverserial.png,template,,,
fig_051,6,ok,0.934924,,D:\Research\Final Stretch\SciFig-Evaluation-main\SciFig-Evaluation-main\adversarial_experiments\blur_figure_in_page\generated\fig_051_page.png,D:\Research\Final Stretch\SciFig-Evaluation-main\SciFig-Evaluation-main\adversarial_experiments\blur_figure_in_page\generated\fig_051_page_adverserial.png,template,,,
fig_052,6,ok,0.912492,,D:\Research\Final Stretch\SciFig-Evaluation-main\SciFig-Evaluation-main\adversarial_experiments\blur_figure_in_page\generated\fig_052_page.png,D:\Research\Final Stretch\SciFig-Evaluation-main\SciFig-Evaluation-main\adversarial_experiments\blur_figure_in_page\generated\fig_052_page_adverserial.png,template,,,
fig_054,5,ok,0.863346,,D:\Research\Final Stretch\SciFig-Evaluation-main\SciFig-Evaluation-main\adversarial_experiments\blur_figure_in_page\generated\fig_054_page.png,D:\Research\Final Stretch\SciFig-Evaluation-main\SciFig-Evaluation-main\adversarial_experiments\blur_figure_in_page\generated\fig_054_page_adverserial.png,template,,,
fig_055,8,ok,0.982177,,D:\Research\Final Stretch\SciFig-Evaluation-main\SciFig-Evaluation-main\adversarial_experiments\blur_figure_in_page\generated\fig_055_page.png,D:\Research\Final Stretch\SciFig-Evaluation-main\SciFig-Evaluation-main\adversarial_experiments\blur_figure_in_page\generated\fig_055_page_adverserial.png,template,,,
fig_056,5,ok,0.730329,,D:\Research\Final Stretch\SciFig-Evaluation-main\SciFig-Evaluation-main\adversarial_experiments\blur_figure_in_page\generated\fig_056_page.png,D:\Research\Final Stretch\SciFig-Evaluation-main\SciFig-Evaluation-main\adversarial_experiments\blur_figure_in_page\generated\fig_056_page_adverserial.png,template,,,
fig_057,25,ok,0.755066,,D:\Research\Final Stretch\SciFig-Evaluation-main\SciFig-Evaluation-main\adversarial_experiments\blur_figure_in_page\generated\fig_057_page.png,D:\Research\Final Stretch\SciFig-Evaluation-main\SciFig-Evaluation-main\adversarial_experiments\blur_figure_in_page\generated\fig_057_page_adverserial.png,template,,,
fig_058,7,ok,0.788762,,D:\Research\Final Stretch\SciFig-Evaluation-main\SciFig-Evaluation-main\adversarial_experiments\blur_figure_in_page\generated\fig_058_page.png,D:\Research\Final Stretch\SciFig-Evaluation-main\SciFig-Evaluation-main\adversarial_experiments\blur_figure_in_page\generated\fig_058_page_adverserial.png,template,,,
fig_059,16,ok,0.929214,,D:\Research\Final Stretch\SciFig-Evaluation-main\SciFig-Evaluation-main\adversarial_experiments\blur_figure_in_page\generated\fig_059_page.png,D:\Research\Final Stretch\SciFig-Evaluation-main\SciFig-Evaluation-main\adversarial_experiments\blur_figure_in_page\generated\fig_059_page_adverserial.png,template,,,
fig_060,5,ok,0.749678,,D:\Research\Final Stretch\SciFig-Evaluation-main\SciFig-Evaluation-main\adversarial_experiments\blur_figure_in_page\generated\fig_060_page.png,D:\Research\Final Stretch\SciFig-Evaluation-main\SciFig-Evaluation-main\adversarial_experiments\blur_figure_in_page\generated\fig_060_page_adverserial.png,template,,,
fig_061,9,ok,0.881391,0.425941,D:\Research\Final Stretch\SciFig-Evaluation-main\SciFig-Evaluation-main\adversarial_experiments\blur_figure_in_page\generated\fig_061_page.png,D:\Research\Final Stretch\SciFig-Evaluation-main\SciFig-Evaluation-main\adversarial_experiments\blur_figure_in_page\generated\fig_061_page_adverserial.png,template,,,
fig_062,13,ok,0.841847,,D:\Research\Final Stretch\SciFig-Evaluation-main\SciFig-Evaluation-main\adversarial_experiments\blur_figure_in_page\generated\fig_062_page.png,D:\Research\Final Stretch\SciFig-Evaluation-main\SciFig-Evaluation-main\adversarial_experiments\blur_figure_in_page\generated\fig_062_page_adverserial.png,template,,,
fig_063,1,ok,1,0.759433,D:\Research\Final Stretch\SciFig-Evaluation-main\SciFig-Evaluation-main\adversarial_experiments\blur_figure_in_page\generated\fig_063_page.png,D:\Research\Final Stretch\SciFig-Evaluation-main\SciFig-Evaluation-main\adversarial_experiments\blur_figure_in_page\generated\fig_063_page_adverserial.png,embedded,,,
fig_064,5,ok,0.65714,0.352574,D:\Research\Final Stretch\SciFig-Evaluation-main\SciFig-Evaluation-main\adversarial_experiments\blur_figure_in_page\generated\fig_064_page.png,D:\Research\Final Stretch\SciFig-Evaluation-main\SciFig-Evaluation-main\adversarial_experiments\blur_figure_in_page\generated\fig_064_page_adverserial.png,embedded,,,
fig_065,8,ok,0.978425,,D:\Research\Final Stretch\SciFig-Evaluation-main\SciFig-Evaluation-main\adversarial_experiments\blur_figure_in_page\generated\fig_065_page.png,D:\Research\Final Stretch\SciFig-Evaluation-main\SciFig-Evaluation-main\adversarial_experiments\blur_figure_in_page\generated\fig_065_page_adverserial.png,template,,,
fig_066,6,ok,0.908337,,D:\Research\Final Stretch\SciFig-Evaluation-main\SciFig-Evaluation-main\adversarial_experiments\blur_figure_in_page\generated\fig_066_page.png,D:\Research\Final Stretch\SciFig-Evaluation-main\SciFig-Evaluation-main\adversarial_experiments\blur_figure_in_page\generated\fig_066_page_adverserial.png,template,,,
fig_067,29,ok,0.922785,,D:\Research\Final Stretch\SciFig-Evaluation-main\SciFig-Evaluation-main\adversarial_experiments\blur_figure_in_page\generated\fig_067_page.png,D:\Research\Final Stretch\SciFig-Evaluation-main\SciFig-Evaluation-main\adversarial_experiments\blur_figure_in_page\generated\fig_067_page_adverserial.png,template,,,
fig_068,5,ok,0.984101,0.526555,D:\Research\Final Stretch\SciFig-Evaluation-main\SciFig-Evaluation-main\adversarial_experiments\blur_figure_in_page\generated\fig_068_page.png,D:\Research\Final Stretch\SciFig-Evaluation-main\SciFig-Evaluation-main\adversarial_experiments\blur_figure_in_page\generated\fig_068_page_adverserial.png,template,,,
fig_069,18,ok,0.917196,,D:\Research\Final Stretch\SciFig-Evaluation-main\SciFig-Evaluation-main\adversarial_experiments\blur_figure_in_page\generated\fig_069_page.png,D:\Research\Final Stretch\SciFig-Evaluation-main\SciFig-Evaluation-main\adversarial_experiments\blur_figure_in_page\generated\fig_069_page_adverserial.png,template,,,
fig_070,7,ok,0.944831,0.547574,D:\Research\Final Stretch\SciFig-Evaluation-main\SciFig-Evaluation-main\adversarial_experiments\blur_figure_in_page\generated\fig_070_page.png,D:\Research\Final Stretch\SciFig-Evaluation-main\SciFig-Evaluation-main\adversarial_experiments\blur_figure_in_page\generated\fig_070_page_adverserial.png,template,,,
fig_071,16,ok,0.950237,,D:\Research\Final Stretch\SciFig-Evaluation-main\SciFig-Evaluation-main\adversarial_experiments\blur_figure_in_page\generated\fig_071_page.png,D:\Research\Final Stretch\SciFig-Evaluation-main\SciFig-Evaluation-main\adversarial_experiments\blur_figure_in_page\generated\fig_071_page_adverserial.png,template,,,
fig_072,8,ok,0.897174,,D:\Research\Final Stretch\SciFig-Evaluation-main\SciFig-Evaluation-main\adversarial_experiments\blur_figure_in_page\generated\fig_072_page.png,D:\Research\Final Stretch\SciFig-Evaluation-main\SciFig-Evaluation-main\adversarial_experiments\blur_figure_in_page\generated\fig_072_page_adverserial.png,template,,,
fig_073,7,manual,0.722997,0.693758,D:\Research\Final Stretch\SciFig-Evaluation-main\SciFig-Evaluation-main\adversarial_experiments\blur_figure_in_page\generated\fig_073_page.png,,ambiguous,,,
fig_074,8,ok,0.794213,,D:\Research\Final Stretch\SciFig-Evaluation-main\SciFig-Evaluation-main\adversarial_experiments\blur_figure_in_page\generated\fig_074_page.png,D:\Research\Final Stretch\SciFig-Evaluation-main\SciFig-Evaluation-main\adversarial_experiments\blur_figure_in_page\generated\fig_074_page_adverserial.png,template,,,
fig_075,12,manual,0.614749,0.614745,D:\Research\Final Stretch\SciFig-Evaluation-main\SciFig-Evaluation-main\adversarial_experiments\blur_figure_in_page\generated\fig_075_page.png,,ambiguous,,,
fig_076,6,ok,0.781366,,D:\Research\Final Stretch\SciFig-Evaluation-main\SciFig-Evaluation-main\adversarial_experiments\blur_figure_in_page\generated\fig_076_page.png,D:\Research\Final Stretch\SciFig-Evaluation-main\SciFig-Evaluation-main\adversarial_experiments\blur_figure_in_page\generated\fig_076_page_adverserial.png,template,,,
fig_077,16,ok,0.950519,,D:\Research\Final Stretch\SciFig-Evaluation-main\SciFig-Evaluation-main\adversarial_experiments\blur_figure_in_page\generated\fig_077_page.png,D:\Research\Final Stretch\SciFig-Evaluation-main\SciFig-Evaluation-main\adversarial_experiments\blur_figure_in_page\generated\fig_077_page_adverserial.png,template,,,
fig_078,8,ok,0.964658,,D:\Research\Final Stretch\SciFig-Evaluation-main\SciFig-Evaluation-main\adversarial_experiments\blur_figure_in_page\generated\fig_078_page.png,D:\Research\Final Stretch\SciFig-Evaluation-main\SciFig-Evaluation-main\adversarial_experiments\blur_figure_in_page\generated\fig_078_page_adverserial.png,template,,,
fig_079,7,ok,0.977159,0.792793,D:\Research\Final Stretch\SciFig-Evaluation-main\SciFig-Evaluation-main\adversarial_experiments\blur_figure_in_page\generated\fig_079_page.png,D:\Research\Final Stretch\SciFig-Evaluation-main\SciFig-Evaluation-main\adversarial_experiments\blur_figure_in_page\generated\fig_079_page_adverserial.png,template,,,
fig_080,6,ok,0.961643,,D:\Research\Final Stretch\SciFig-Evaluation-main\SciFig-Evaluation-main\adversarial_experiments\blur_figure_in_page\generated\fig_080_page.png,D:\Research\Final Stretch\SciFig-Evaluation-main\SciFig-Evaluation-main\adversarial_experiments\blur_figure_in_page\generated\fig_080_page_adverserial.png,template,,,
fig_081,11,manual,1,1,D:\Research\Final Stretch\SciFig-Evaluation-main\SciFig-Evaluation-main\adversarial_experiments\blur_figure_in_page\generated\fig_081_page.png,,ambiguous,,,
fig_082,5,ok,0.983469,0.519323,D:\Research\Final Stretch\SciFig-Evaluation-main\SciFig-Evaluation-main\adversarial_experiments\blur_figure_in_page\generated\fig_082_page.png,D:\Research\Final Stretch\SciFig-Evaluation-main\SciFig-Evaluation-main\adversarial_experiments\blur_figure_in_page\generated\fig_082_page_adverserial.png,template,,,
fig_083,5,ok,0.752291,0.544469,D:\Research\Final Stretch\SciFig-Evaluation-main\SciFig-Evaluation-main\adversarial_experiments\blur_figure_in_page\generated\fig_083_page.png,D:\Research\Final Stretch\SciFig-Evaluation-main\SciFig-Evaluation-main\adversarial_experiments\blur_figure_in_page\generated\fig_083_page_adverserial.png,template,,,
fig_084,7,manual,0.963814,0.94994,D:\Research\Final Stretch\SciFig-Evaluation-main\SciFig-Evaluation-main\adversarial_experiments\blur_figure_in_page\generated\fig_084_page.png,,ambiguous,,,
fig_085,21,ok,0.917406,,D:\Research\Final Stretch\SciFig-Evaluation-main\SciFig-Evaluation-main\adversarial_experiments\blur_figure_in_page\generated\fig_085_page.png,D:\Research\Final Stretch\SciFig-Evaluation-main\SciFig-Evaluation-main\adversarial_experiments\blur_figure_in_page\generated\fig_085_page_adverserial.png,template,,,
fig_086,8,ok,0.641957,,D:\Research\Final Stretch\SciFig-Evaluation-main\SciFig-Evaluation-main\adversarial_experiments\blur_figure_in_page\generated\fig_086_page.png,D:\Research\Final Stretch\SciFig-Evaluation-main\SciFig-Evaluation-main\adversarial_experiments\blur_figure_in_page\generated\fig_086_page_adverserial.png,template,,,
fig_087,3,ok,0.836908,,D:\Research\Final Stretch\SciFig-Evaluation-main\SciFig-Evaluation-main\adversarial_experiments\blur_figure_in_page\generated\fig_087_page.png,D:\Research\Final Stretch\SciFig-Evaluation-main\SciFig-Evaluation-main\adversarial_experiments\blur_figure_in_page\generated\fig_087_page_adverserial.png,template,,,
fig_088,8,ok,0.942909,,D:\Research\Final Stretch\SciFig-Evaluation-main\SciFig-Evaluation-main\adversarial_experiments\blur_figure_in_page\generated\fig_088_page.png,D:\Research\Final Stretch\SciFig-Evaluation-main\SciFig-Evaluation-main\adversarial_experiments\blur_figure_in_page\generated\fig_088_page_adverserial.png,template,,,
fig_089,3,ok,0.839958,,D:\Research\Final Stretch\SciFig-Evaluation-main\SciFig-Evaluation-main\adversarial_experiments\blur_figure_in_page\generated\fig_089_page.png,D:\Research\Final Stretch\SciFig-Evaluation-main\SciFig-Evaluation-main\adversarial_experiments\blur_figure_in_page\generated\fig_089_page_adverserial.png,template,,,
fig_090,7,ok,0.947117,0.543191,D:\Research\Final Stretch\SciFig-Evaluation-main\SciFig-Evaluation-main\adversarial_experiments\blur_figure_in_page\generated\fig_090_page.png,D:\Research\Final Stretch\SciFig-Evaluation-main\SciFig-Evaluation-main\adversarial_experiments\blur_figure_in_page\generated\fig_090_page_adverserial.png,template,,,
fig_091,3,ok,0.876002,,D:\Research\Final Stretch\SciFig-Evaluation-main\SciFig-Evaluation-main\adversarial_experiments\blur_figure_in_page\generated\fig_091_page.png,D:\Research\Final Stretch\SciFig-Evaluation-main\SciFig-Evaluation-main\adversarial_experiments\blur_figure_in_page\generated\fig_091_page_adverserial.png,template,,,
fig_092,7,ok,0.911877,,D:\Research\Final Stretch\SciFig-Evaluation-main\SciFig-Evaluation-main\adversarial_experiments\blur_figure_in_page\generated\fig_092_page.png,D:\Research\Final Stretch\SciFig-Evaluation-main\SciFig-Evaluation-main\adversarial_experiments\blur_figure_in_page\generated\fig_092_page_adverserial.png,template,,,
fig_093,8,ok,0.67727,,D:\Research\Final Stretch\SciFig-Evaluation-main\SciFig-Evaluation-main\adversarial_experiments\blur_figure_in_page\generated\fig_093_page.png,D:\Research\Final Stretch\SciFig-Evaluation-main\SciFig-Evaluation-main\adversarial_experiments\blur_figure_in_page\generated\fig_093_page_adverserial.png,template,,,
fig_094,8,ok,0.926948,,D:\Research\Final Stretch\SciFig-Evaluation-main\SciFig-Evaluation-main\adversarial_experiments\blur_figure_in_page\generated\fig_094_page.png,D:\Research\Final Stretch\SciFig-Evaluation-main\SciFig-Evaluation-main\adversarial_experiments\blur_figure_in_page\generated\fig_094_page_adverserial.png,template,,,
fig_095,30,ok,0.88238,,D:\Research\Final Stretch\SciFig-Evaluation-main\SciFig-Evaluation-main\adversarial_experiments\blur_figure_in_page\generated\fig_095_page.png,D:\Research\Final Stretch\SciFig-Evaluation-main\SciFig-Evaluation-main\adversarial_experiments\blur_figure_in_page\generated\fig_095_page_adverserial.png,template,,,
fig_096,6,ok,0.772934,,D:\Research\Final Stretch\SciFig-Evaluation-main\SciFig-Evaluation-main\adversarial_experiments\blur_figure_in_page\generated\fig_096_page.png,D:\Research\Final Stretch\SciFig-Evaluation-main\SciFig-Evaluation-main\adversarial_experiments\blur_figure_in_page\generated\fig_096_page_adverserial.png,template,,,
fig_097,6,ok,0.956744,0.035491,D:\Research\Final Stretch\SciFig-Evaluation-main\SciFig-Evaluation-main\adversarial_experiments\blur_figure_in_page\generated\fig_097_page.png,D:\Research\Final Stretch\SciFig-Evaluation-main\SciFig-Evaluation-main\adversarial_experiments\blur_figure_in_page\generated\fig_097_page_adverserial.png,template,,,
fig_098,11,manual,0.561837,,D:\Research\Final Stretch\SciFig-Evaluation-main\SciFig-Evaluation-main\adversarial_experiments\blur_figure_in_page\generated\fig_098_page.png,,below_threshold,,,
fig_099,7,ok,0.935217,,D:\Research\Final Stretch\SciFig-Evaluation-main\SciFig-Evaluation-main\adversarial_experiments\blur_figure_in_page\generated\fig_099_page.png,D:\Research\Final Stretch\SciFig-Evaluation-main\SciFig-Evaluation-main\adversarial_experiments\blur_figure_in_page\generated\fig_099_page_adverserial.png,template,,,
fig_100,8,manual,0.534676,,D:\Research\Final Stretch\SciFig-Evaluation-main\SciFig-Evaluation-main\adversarial_experiments\blur_figure_in_page\generated\fig_100_page.png,,below_threshold,,,
fig_101,6,ok,0.791828,,D:\Research\Final Stretch\SciFig-Evaluation-main\SciFig-Evaluation-main\adversarial_experiments\blur_figure_in_page\generated\fig_101_page.png,D:\Research\Final Stretch\SciFig-Evaluation-main\SciFig-Evaluation-main\adversarial_experiments\blur_figure_in_page\generated\fig_101_page_adverserial.png,template,,,
fig_102,5,ok,0.87611,0.21606,D:\Research\Final Stretch\SciFig-Evaluation-main\SciFig-Evaluation-main\adversarial_experiments\blur_figure_in_page\generated\fig_102_page.png,D:\Research\Final Stretch\SciFig-Evaluation-main\SciFig-Evaluation-main\adversarial_experiments\blur_figure_in_page\generated\fig_102_page_adverserial.png,template,,,
fig_103,8,ok,0.780172,,D:\Research\Final Stretch\SciFig-Evaluation-main\SciFig-Evaluation-main\adversarial_experiments\blur_figure_in_page\generated\fig_103_page.png,D:\Research\Final Stretch\SciFig-Evaluation-main\SciFig-Evaluation-main\adversarial_experiments\blur_figure_in_page\generated\fig_103_page_adverserial.png,template,,,
fig_104,13,manual,0.537457,,D:\Research\Final Stretch\SciFig-Evaluation-main\SciFig-Evaluation-main\adversarial_experiments\blur_figure_in_page\generated\fig_104_page.png,,below_threshold,,,
fig_105,13,manual,0.059907,0.047134,D:\Research\Final Stretch\SciFig-Evaluation-main\SciFig-Evaluation-main\adversarial_experiments\blur_figure_in_page\generated\fig_105_page.png,,below_threshold,,,
fig_106,8,manual,0.534478,,D:\Research\Final Stretch\SciFig-Evaluation-main\SciFig-Evaluation-main\adversarial_experiments\blur_figure_in_page\generated\fig_106_page.png,,below_threshold,,,
fig_107,1,ok,0.764977,0.232478,D:\Research\Final Stretch\SciFig-Evaluation-main\SciFig-Evaluation-main\adversarial_experiments\blur_figure_in_page\generated\fig_107_page.png,D:\Research\Final Stretch\SciFig-Evaluation-main\SciFig-Evaluation-main\adversarial_experiments\blur_figure_in_page\generated\fig_107_page_adverserial.png,template,,,
fig_108,5,manual,0.512675,,D:\Research\Final Stretch\SciFig-Evaluation-main\SciFig-Evaluation-main\adversarial_experiments\blur_figure_in_page\generated\fig_108_page.png,,below_threshold,,,
fig_109,15,manual,0.544129,,D:\Research\Final Stretch\SciFig-Evaluation-main\SciFig-Evaluation-main\adversarial_experiments\blur_figure_in_page\generated\fig_109_page.png,,below_threshold,,,
fig_110,18,manual,0.448026,0.205265,D:\Research\Final Stretch\SciFig-Evaluation-main\SciFig-Evaluation-main\adversarial_experiments\blur_figure_in_page\generated\fig_110_page.png,,below_threshold,,,
fig_111,15,manual,0.529482,,D:\Research\Final Stretch\SciFig-Evaluation-main\SciFig-Evaluation-main\adversarial_experiments\blur_figure_in_page\generated\fig_111_page.png,,below_threshold,,,
fig_112,6,ok,0.791828,,D:\Research\Final Stretch\SciFig-Evaluation-main\SciFig-Evaluation-main\adversarial_experiments\blur_figure_in_page\generated\fig_112_page.png,D:\Research\Final Stretch\SciFig-Evaluation-main\SciFig-Evaluation-main\adversarial_experiments\blur_figure_in_page\generated\fig_112_page_adverserial.png,template,,,
fig_113,6,ok,0.90649,,D:\Research\Final Stretch\SciFig-Evaluation-main\SciFig-Evaluation-main\adversarial_experiments\blur_figure_in_page\generated\fig_113_page.png,D:\Research\Final Stretch\SciFig-Evaluation-main\SciFig-Evaluation-main\adversarial_experiments\blur_figure_in_page\generated\fig_113_page_adverserial.png,template,,,
fig_114,6,ok,0.90649,,D:\Research\Final Stretch\SciFig-Evaluation-main\SciFig-Evaluation-main\adversarial_experiments\blur_figure_in_page\generated\fig_114_page.png,D:\Research\Final Stretch\SciFig-Evaluation-main\SciFig-Evaluation-main\adversarial_experiments\blur_figure_in_page\generated\fig_114_page_adverserial.png,template,,,
fig_115,3,ok,0.786206,0.526198,D:\Research\Final Stretch\SciFig-Evaluation-main\SciFig-Evaluation-main\adversarial_experiments\blur_figure_in_page\generated\fig_115_page.png,D:\Research\Final Stretch\SciFig-Evaluation-main\SciFig-Evaluation-main\adversarial_experiments\blur_figure_in_page\generated\fig_115_page_adverserial.png,embedded,,,
fig_116,4,manual,0.536286,0.181708,D:\Research\Final Stretch\SciFig-Evaluation-main\SciFig-Evaluation-main\adversarial_experiments\blur_figure_in_page\generated\fig_116_page.png,,below_threshold,,,
fig_117,7,ok,0.809564,,D:\Research\Final Stretch\SciFig-Evaluation-main\SciFig-Evaluation-main\adversarial_experiments\blur_figure_in_page\generated\fig_117_page.png,D:\Research\Final Stretch\SciFig-Evaluation-main\SciFig-Evaluation-main\adversarial_experiments\blur_figure_in_page\generated\fig_117_page_adverserial.png,template,,,
fig_118,8,ok,0.935824,,D:\Research\Final Stretch\SciFig-Evaluation-main\SciFig-Evaluation-main\adversarial_experiments\blur_figure_in_page\generated\fig_118_page.png,D:\Research\Final Stretch\SciFig-Evaluation-main\SciFig-Evaluation-main\adversarial_experiments\blur_figure_in_page\generated\fig_118_page_adverserial.png,template,,,
fig_119,15,manual,0.532701,,D:\Research\Final Stretch\SciFig-Evaluation-main\SciFig-Evaluation-main\adversarial_experiments\blur_figure_in_page\generated\fig_119_page.png,,below_threshold,,,
fig_120,21,manual,0.415387,,D:\Research\Final Stretch\SciFig-Evaluation-main\SciFig-Evaluation-main\adversarial_experiments\blur_figure_in_page\generated\fig_120_page.png,,below_threshold,,,
fig_121,23,ok,0.953175,0.857109,D:\Research\Final Stretch\SciFig-Evaluation-main\SciFig-Evaluation-main\adversarial_experiments\blur_figure_in_page\generated\fig_121_page.png,D:\Research\Final Stretch\SciFig-Evaluation-main\SciFig-Evaluation-main\adversarial_experiments\blur_figure_in_page\generated\fig_121_page_adverserial.png,template,,,
fig_122,9,manual,0.388859,0.25278,D:\Research\Final Stretch\SciFig-Evaluation-main\SciFig-Evaluation-main\adversarial_experiments\blur_figure_in_page\generated\fig_122_page.png,,below_threshold,,,check changes made before here
fig_123,1,ok,0.837955,,D:\Research\Final Stretch\SciFig-Evaluation-main\SciFig-Evaluation-main\adversarial_experiments\blur_figure_in_page\generated\fig_123_page.png,D:\Research\Final Stretch\SciFig-Evaluation-main\SciFig-Evaluation-main\adversarial_experiments\blur_figure_in_page\generated\fig_123_page_adverserial.png,template,,,
fig_124,15,ok,0.802399,,D:\Research\Final Stretch\SciFig-Evaluation-main\SciFig-Evaluation-main\adversarial_experiments\blur_figure_in_page\generated\fig_124_page.png,D:\Research\Final Stretch\SciFig-Evaluation-main\SciFig-Evaluation-main\adversarial_experiments\blur_figure_in_page\generated\fig_124_page_adverserial.png,template,,,
fig_125,13,manual,0.353384,0.353371,D:\Research\Final Stretch\SciFig-Evaluation-main\SciFig-Evaluation-main\adversarial_experiments\blur_figure_in_page\generated\fig_125_page.png,,below_threshold,,,
fig_126,7,ok,0.726497,,D:\Research\Final Stretch\SciFig-Evaluation-main\SciFig-Evaluation-main\adversarial_experiments\blur_figure_in_page\generated\fig_126_page.png,D:\Research\Final Stretch\SciFig-Evaluation-main\SciFig-Evaluation-main\adversarial_experiments\blur_figure_in_page\generated\fig_126_page_adverserial.png,template,,,
fig_127,21,manual,0.438489,,D:\Research\Final Stretch\SciFig-Evaluation-main\SciFig-Evaluation-main\adversarial_experiments\blur_figure_in_page\generated\fig_127_page.png,,below_threshold,,,
fig_128,14,ok,0.789716,,D:\Research\Final Stretch\SciFig-Evaluation-main\SciFig-Evaluation-main\adversarial_experiments\blur_figure_in_page\generated\fig_128_page.png,D:\Research\Final Stretch\SciFig-Evaluation-main\SciFig-Evaluation-main\adversarial_experiments\blur_figure_in_page\generated\fig_128_page_adverserial.png,template,,,
fig_129,7,ok,0.872473,,D:\Research\Final Stretch\SciFig-Evaluation-main\SciFig-Evaluation-main\adversarial_experiments\blur_figure_in_page\generated\fig_129_page.png,D:\Research\Final Stretch\SciFig-Evaluation-main\SciFig-Evaluation-main\adversarial_experiments\blur_figure_in_page\generated\fig_129_page_adverserial.png,template,,,
fig_130,12,ok,0.823854,,D:\Research\Final Stretch\SciFig-Evaluation-main\SciFig-Evaluation-main\adversarial_experiments\blur_figure_in_page\generated\fig_130_page.png,D:\Research\Final Stretch\SciFig-Evaluation-main\SciFig-Evaluation-main\adversarial_experiments\blur_figure_in_page\generated\fig_130_page_adverserial.png,template,,,
fig_131,9,ok,0.923451,,D:\Research\Final Stretch\SciFig-Evaluation-main\SciFig-Evaluation-main\adversarial_experiments\blur_figure_in_page\generated\fig_131_page.png,D:\Research\Final Stretch\SciFig-Evaluation-main\SciFig-Evaluation-main\adversarial_experiments\blur_figure_in_page\generated\fig_131_page_adverserial.png,template,,,
fig_132,9,ok,0.845634,,D:\Research\Final Stretch\SciFig-Evaluation-main\SciFig-Evaluation-main\adversarial_experiments\blur_figure_in_page\generated\fig_132_page.png,D:\Research\Final Stretch\SciFig-Evaluation-main\SciFig-Evaluation-main\adversarial_experiments\blur_figure_in_page\generated\fig_132_page_adverserial.png,template,,,
fig_133,8,manual,0.398483,,D:\Research\Final Stretch\SciFig-Evaluation-main\SciFig-Evaluation-main\adversarial_experiments\blur_figure_in_page\generated\fig_133_page.png,,below_threshold,,,
fig_134,4,ok,0.777745,,D:\Research\Final Stretch\SciFig-Evaluation-main\SciFig-Evaluation-main\adversarial_experiments\blur_figure_in_page\generated\fig_134_page.png,D:\Research\Final Stretch\SciFig-Evaluation-main\SciFig-Evaluation-main\adversarial_experiments\blur_figure_in_page\generated\fig_134_page_adverserial.png,template,,,
fig_135,9,ok,0.763747,,D:\Research\Final Stretch\SciFig-Evaluation-main\SciFig-Evaluation-main\adversarial_experiments\blur_figure_in_page\generated\fig_135_page.png,D:\Research\Final Stretch\SciFig-Evaluation-main\SciFig-Evaluation-main\adversarial_experiments\blur_figure_in_page\generated\fig_135_page_adverserial.png,template,,,
fig_136,21,ok,0.89274,,D:\Research\Final Stretch\SciFig-Evaluation-main\SciFig-Evaluation-main\adversarial_experiments\blur_figure_in_page\generated\fig_136_page.png,D:\Research\Final Stretch\SciFig-Evaluation-main\SciFig-Evaluation-main\adversarial_experiments\blur_figure_in_page\generated\fig_136_page_adverserial.png,template,,,
fig_137,16,manual,0.347165,,D:\Research\Final Stretch\SciFig-Evaluation-main\SciFig-Evaluation-main\adversarial_experiments\blur_figure_in_page\generated\fig_137_page.png,,below_threshold,,,
fig_138,21,manual,0.42535,,D:\Research\Final Stretch\SciFig-Evaluation-main\SciFig-Evaluation-main\adversarial_experiments\blur_figure_in_page\generated\fig_138_page.png,,below_threshold,,,
fig_139,6,ok,0.696049,,D:\Research\Final Stretch\SciFig-Evaluation-main\SciFig-Evaluation-main\adversarial_experiments\blur_figure_in_page\generated\fig_139_page.png,D:\Research\Final Stretch\SciFig-Evaluation-main\SciFig-Evaluation-main\adversarial_experiments\blur_figure_in_page\generated\fig_139_page_adverserial.png,template,,,
fig_140,7,ok,0.743622,,D:\Research\Final Stretch\SciFig-Evaluation-main\SciFig-Evaluation-main\adversarial_experiments\blur_figure_in_page\generated\fig_140_page.png,D:\Research\Final Stretch\SciFig-Evaluation-main\SciFig-Evaluation-main\adversarial_experiments\blur_figure_in_page\generated\fig_140_page_adverserial.png,template,,,
fig_141,7,ok,0.743622,,D:\Research\Final Stretch\SciFig-Evaluation-main\SciFig-Evaluation-main\adversarial_experiments\blur_figure_in_page\generated\fig_141_page.png,D:\Research\Final Stretch\SciFig-Evaluation-main\SciFig-Evaluation-main\adversarial_experiments\blur_figure_in_page\generated\fig_141_page_adverserial.png,template,,,
fig_142,14,ok,0.803365,,D:\Research\Final Stretch\SciFig-Evaluation-main\SciFig-Evaluation-main\adversarial_experiments\blur_figure_in_page\generated\fig_142_page.png,D:\Research\Final Stretch\SciFig-Evaluation-main\SciFig-Evaluation-main\adversarial_experiments\blur_figure_in_page\generated\fig_142_page_adverserial.png,template,,,
fig_143,7,ok,0.829024,,D:\Research\Final Stretch\SciFig-Evaluation-main\SciFig-Evaluation-main\adversarial_experiments\blur_figure_in_page\generated\fig_143_page.png,D:\Research\Final Stretch\SciFig-Evaluation-main\SciFig-Evaluation-main\adversarial_experiments\blur_figure_in_page\generated\fig_143_page_adverserial.png,template,,,
fig_144,8,ok,0.822454,,D:\Research\Final Stretch\SciFig-Evaluation-main\SciFig-Evaluation-main\adversarial_experiments\blur_figure_in_page\generated\fig_144_page.png,D:\Research\Final Stretch\SciFig-Evaluation-main\SciFig-Evaluation-main\adversarial_experiments\blur_figure_in_page\generated\fig_144_page_adverserial.png,template,,,
fig_145,8,ok,0.948757,0.247245,D:\Research\Final Stretch\SciFig-Evaluation-main\SciFig-Evaluation-main\adversarial_experiments\blur_figure_in_page\generated\fig_145_page.png,D:\Research\Final Stretch\SciFig-Evaluation-main\SciFig-Evaluation-main\adversarial_experiments\blur_figure_in_page\generated\fig_145_page_adverserial.png,template,,,
fig_146,15,ok,0.622995,,D:\Research\Final Stretch\SciFig-Evaluation-main\SciFig-Evaluation-main\adversarial_experiments\blur_figure_in_page\generated\fig_146_page.png,D:\Research\Final Stretch\SciFig-Evaluation-main\SciFig-Evaluation-main\adversarial_experiments\blur_figure_in_page\generated\fig_146_page_adverserial.png,template,,,
fig_147,13,manual,0.07586,0.046968,D:\Research\Final Stretch\SciFig-Evaluation-main\SciFig-Evaluation-main\adversarial_experiments\blur_figure_in_page\generated\fig_147_page.png,,below_threshold,,,
fig_148,8,manual,0.39797,,D:\Research\Final Stretch\SciFig-Evaluation-main\SciFig-Evaluation-main\adversarial_experiments\blur_figure_in_page\generated\fig_148_page.png,,below_threshold,,,
fig_149,4,ok,0.782273,,D:\Research\Final Stretch\SciFig-Evaluation-main\SciFig-Evaluation-main\adversarial_experiments\blur_figure_in_page\generated\fig_149_page.png,D:\Research\Final Stretch\SciFig-Evaluation-main\SciFig-Evaluation-main\adversarial_experiments\blur_figure_in_page\generated\fig_149_page_adverserial.png,template,,,
fig_150,11,ok,0.816718,,D:\Research\Final Stretch\SciFig-Evaluation-main\SciFig-Evaluation-main\adversarial_experiments\blur_figure_in_page\generated\fig_150_page.png,D:\Research\Final Stretch\SciFig-Evaluation-main\SciFig-Evaluation-main\adversarial_experiments\blur_figure_in_page\generated\fig_150_page_adverserial.png,template,,,
fig_151,16,ok,0.807632,,D:\Research\Final Stretch\SciFig-Evaluation-main\SciFig-Evaluation-main\adversarial_experiments\blur_figure_in_page\generated\fig_151_page.png,D:\Research\Final Stretch\SciFig-Evaluation-main\SciFig-Evaluation-main\adversarial_experiments\blur_figure_in_page\generated\fig_151_page_adverserial.png,template,,,
fig_152,6,ok,0.891067,0.622002,D:\Research\Final Stretch\SciFig-Evaluation-main\SciFig-Evaluation-main\adversarial_experiments\blur_figure_in_page\generated\fig_152_page.png,D:\Research\Final Stretch\SciFig-Evaluation-main\SciFig-Evaluation-main\adversarial_experiments\blur_figure_in_page\generated\fig_152_page_adverserial.png,template,,,
fig_153,9,ok,0.862796,,D:\Research\Final Stretch\SciFig-Evaluation-main\SciFig-Evaluation-main\adversarial_experiments\blur_figure_in_page\generated\fig_153_page.png,D:\Research\Final Stretch\SciFig-Evaluation-main\SciFig-Evaluation-main\adversarial_experiments\blur_figure_in_page\generated\fig_153_page_adverserial.png,template,,,
fig_154,7,ok,0.857856,,D:\Research\Final Stretch\SciFig-Evaluation-main\SciFig-Evaluation-main\adversarial_experiments\blur_figure_in_page\generated\fig_154_page.png,D:\Research\Final Stretch\SciFig-Evaluation-main\SciFig-Evaluation-main\adversarial_experiments\blur_figure_in_page\generated\fig_154_page_adverserial.png,template,,,
fig_155,1,ok,0.737904,,D:\Research\Final Stretch\SciFig-Evaluation-main\SciFig-Evaluation-main\adversarial_experiments\blur_figure_in_page\generated\fig_155_page.png,D:\Research\Final Stretch\SciFig-Evaluation-main\SciFig-Evaluation-main\adversarial_experiments\blur_figure_in_page\generated\fig_155_page_adverserial.png,template,,,
fig_156,28,ok,0.906628,0.317136,D:\Research\Final Stretch\SciFig-Evaluation-main\SciFig-Evaluation-main\adversarial_experiments\blur_figure_in_page\generated\fig_156_page.png,D:\Research\Final Stretch\SciFig-Evaluation-main\SciFig-Evaluation-main\adversarial_experiments\blur_figure_in_page\generated\fig_156_page_adverserial.png,template,,,
fig_157,5,ok,0.908193,,D:\Research\Final Stretch\SciFig-Evaluation-main\SciFig-Evaluation-main\adversarial_experiments\blur_figure_in_page\generated\fig_157_page.png,D:\Research\Final Stretch\SciFig-Evaluation-main\SciFig-Evaluation-main\adversarial_experiments\blur_figure_in_page\generated\fig_157_page_adverserial.png,template,,,
fig_158,15,manual,0.581823,,D:\Research\Final Stretch\SciFig-Evaluation-main\SciFig-Evaluation-main\adversarial_experiments\blur_figure_in_page\generated\fig_158_page.png,,below_threshold,,,
fig_159,0,error,,,,,document closed,,,
fig_160,4,ok,0.859823,,D:\Research\Final Stretch\SciFig-Evaluation-main\SciFig-Evaluation-main\adversarial_experiments\blur_figure_in_page\generated\fig_160_page.png,D:\Research\Final Stretch\SciFig-Evaluation-main\SciFig-Evaluation-main\adversarial_experiments\blur_figure_in_page\generated\fig_160_page_adverserial.png,template,,,
fig_161,1,ok,0.837955,,D:\Research\Final Stretch\SciFig-Evaluation-main\SciFig-Evaluation-main\adversarial_experiments\blur_figure_in_page\generated\fig_161_page.png,D:\Research\Final Stretch\SciFig-Evaluation-main\SciFig-Evaluation-main\adversarial_experiments\blur_figure_in_page\generated\fig_161_page_adverserial.png,template,,,
fig_162,17,ok,0.925395,0.276874,D:\Research\Final Stretch\SciFig-Evaluation-main\SciFig-Evaluation-main\adversarial_experiments\blur_figure_in_page\generated\fig_162_page.png,D:\Research\Final Stretch\SciFig-Evaluation-main\SciFig-Evaluation-main\adversarial_experiments\blur_figure_in_page\generated\fig_162_page_adverserial.png,template,,,
fig_163,9,ok,0.831845,,D:\Research\Final Stretch\SciFig-Evaluation-main\SciFig-Evaluation-main\adversarial_experiments\blur_figure_in_page\generated\fig_163_page.png,D:\Research\Final Stretch\SciFig-Evaluation-main\SciFig-Evaluation-main\adversarial_experiments\blur_figure_in_page\generated\fig_163_page_adverserial.png,template,,,
fig_164,6,ok,0.874789,,D:\Research\Final Stretch\SciFig-Evaluation-main\SciFig-Evaluation-main\adversarial_experiments\blur_figure_in_page\generated\fig_164_page.png,D:\Research\Final Stretch\SciFig-Evaluation-main\SciFig-Evaluation-main\adversarial_experiments\blur_figure_in_page\generated\fig_164_page_adverserial.png,template,,,
fig_165,15,manual,0.490144,,D:\Research\Final Stretch\SciFig-Evaluation-main\SciFig-Evaluation-main\adversarial_experiments\blur_figure_in_page\generated\fig_165_page.png,,below_threshold,,,
fig_166,14,ok,0.741194,,D:\Research\Final Stretch\SciFig-Evaluation-main\SciFig-Evaluation-main\adversarial_experiments\blur_figure_in_page\generated\fig_166_page.png,D:\Research\Final Stretch\SciFig-Evaluation-main\SciFig-Evaluation-main\adversarial_experiments\blur_figure_in_page\generated\fig_166_page_adverserial.png,template,,,
fig_167,22,manual,0.536045,,D:\Research\Final Stretch\SciFig-Evaluation-main\SciFig-Evaluation-main\adversarial_experiments\blur_figure_in_page\generated\fig_167_page.png,,below_threshold,,,
fig_168,5,ok,0.710975,,D:\Research\Final Stretch\SciFig-Evaluation-main\SciFig-Evaluation-main\adversarial_experiments\blur_figure_in_page\generated\fig_168_page.png,D:\Research\Final Stretch\SciFig-Evaluation-main\SciFig-Evaluation-main\adversarial_experiments\blur_figure_in_page\generated\fig_168_page_adverserial.png,template,,,
fig_169,8,ok,0.755387,,D:\Research\Final Stretch\SciFig-Evaluation-main\SciFig-Evaluation-main\adversarial_experiments\blur_figure_in_page\generated\fig_169_page.png,D:\Research\Final Stretch\SciFig-Evaluation-main\SciFig-Evaluation-main\adversarial_experiments\blur_figure_in_page\generated\fig_169_page_adverserial.png,template,,,
fig_170,9,ok,0.861538,,D:\Research\Final Stretch\SciFig-Evaluation-main\SciFig-Evaluation-main\adversarial_experiments\blur_figure_in_page\generated\fig_170_page.png,D:\Research\Final Stretch\SciFig-Evaluation-main\SciFig-Evaluation-main\adversarial_experiments\blur_figure_in_page\generated\fig_170_page_adverserial.png,template,,,
fig_171,12,ok,0.810271,,D:\Research\Final Stretch\SciFig-Evaluation-main\SciFig-Evaluation-main\adversarial_experiments\blur_figure_in_page\generated\fig_171_page.png,D:\Research\Final Stretch\SciFig-Evaluation-main\SciFig-Evaluation-main\adversarial_experiments\blur_figure_in_page\generated\fig_171_page_adverserial.png,template,,,
fig_172,5,manual,0.529634,,D:\Research\Final Stretch\SciFig-Evaluation-main\SciFig-Evaluation-main\adversarial_experiments\blur_figure_in_page\generated\fig_172_page.png,,below_threshold,,,
fig_173,3,ok,0.7405,,D:\Research\Final Stretch\SciFig-Evaluation-main\SciFig-Evaluation-main\adversarial_experiments\blur_figure_in_page\generated\fig_173_page.png,D:\Research\Final Stretch\SciFig-Evaluation-main\SciFig-Evaluation-main\adversarial_experiments\blur_figure_in_page\generated\fig_173_page_adverserial.png,template,,,
fig_174,8,manual,0.218784,,D:\Research\Final Stretch\SciFig-Evaluation-main\SciFig-Evaluation-main\adversarial_experiments\blur_figure_in_page\generated\fig_174_page.png,,below_threshold,,,
fig_175,5,manual,0.5731,,D:\Research\Final Stretch\SciFig-Evaluation-main\SciFig-Evaluation-main\adversarial_experiments\blur_figure_in_page\generated\fig_175_page.png,,below_threshold,,,
fig_176,7,manual,0.558584,,D:\Research\Final Stretch\SciFig-Evaluation-main\SciFig-Evaluation-main\adversarial_experiments\blur_figure_in_page\generated\fig_176_page.png,,below_threshold,,,
fig_177,15,ok,0.757804,,D:\Research\Final Stretch\SciFig-Evaluation-main\SciFig-Evaluation-main\adversarial_experiments\blur_figure_in_page\generated\fig_177_page.png,D:\Research\Final Stretch\SciFig-Evaluation-main\SciFig-Evaluation-main\adversarial_experiments\blur_figure_in_page\generated\fig_177_page_adverserial.png,template,,,
fig_178,23,ok,0.926017,0.291048,D:\Research\Final Stretch\SciFig-Evaluation-main\SciFig-Evaluation-main\adversarial_experiments\blur_figure_in_page\generated\fig_178_page.png,D:\Research\Final Stretch\SciFig-Evaluation-main\SciFig-Evaluation-main\adversarial_experiments\blur_figure_in_page\generated\fig_178_page_adverserial.png,template,,,
fig_179,6,ok,0.851401,,D:\Research\Final Stretch\SciFig-Evaluation-main\SciFig-Evaluation-main\adversarial_experiments\blur_figure_in_page\generated\fig_179_page.png,D:\Research\Final Stretch\SciFig-Evaluation-main\SciFig-Evaluation-main\adversarial_experiments\blur_figure_in_page\generated\fig_179_page_adverserial.png,template,,,
fig_180,5,manual,0.58661,,D:\Research\Final Stretch\SciFig-Evaluation-main\SciFig-Evaluation-main\adversarial_experiments\blur_figure_in_page\generated\fig_180_page.png,,below_threshold,,,
fig_181,6,ok,0.803845,,D:\Research\Final Stretch\SciFig-Evaluation-main\SciFig-Evaluation-main\adversarial_experiments\blur_figure_in_page\generated\fig_181_page.png,D:\Research\Final Stretch\SciFig-Evaluation-main\SciFig-Evaluation-main\adversarial_experiments\blur_figure_in_page\generated\fig_181_page_adverserial.png,template,,,
fig_182,6,ok,0.790432,,D:\Research\Final Stretch\SciFig-Evaluation-main\SciFig-Evaluation-main\adversarial_experiments\blur_figure_in_page\generated\fig_182_page.png,D:\Research\Final Stretch\SciFig-Evaluation-main\SciFig-Evaluation-main\adversarial_experiments\blur_figure_in_page\generated\fig_182_page_adverserial.png,template,,,
fig_183,5,ok,0.826402,,D:\Research\Final Stretch\SciFig-Evaluation-main\SciFig-Evaluation-main\adversarial_experiments\blur_figure_in_page\generated\fig_183_page.png,D:\Research\Final Stretch\SciFig-Evaluation-main\SciFig-Evaluation-main\adversarial_experiments\blur_figure_in_page\generated\fig_183_page_adverserial.png,template,,,
fig_184,6,ok,0.632229,0.120919,D:\Research\Final Stretch\SciFig-Evaluation-main\SciFig-Evaluation-main\adversarial_experiments\blur_figure_in_page\generated\fig_184_page.png,D:\Research\Final Stretch\SciFig-Evaluation-main\SciFig-Evaluation-main\adversarial_experiments\blur_figure_in_page\generated\fig_184_page_adverserial.png,template,,,
fig_185,7,manual,0.470344,,D:\Research\Final Stretch\SciFig-Evaluation-main\SciFig-Evaluation-main\adversarial_experiments\blur_figure_in_page\generated\fig_185_page.png,,below_threshold,,,
fig_186,15,manual,0.496588,,D:\Research\Final Stretch\SciFig-Evaluation-main\SciFig-Evaluation-main\adversarial_experiments\blur_figure_in_page\generated\fig_186_page.png,,below_threshold,,,
fig_187,7,ok,0.825996,,D:\Research\Final Stretch\SciFig-Evaluation-main\SciFig-Evaluation-main\adversarial_experiments\blur_figure_in_page\generated\fig_187_page.png,D:\Research\Final Stretch\SciFig-Evaluation-main\SciFig-Evaluation-main\adversarial_experiments\blur_figure_in_page\generated\fig_187_page_adverserial.png,template,,,
fig_188,9,ok,0.794617,,D:\Research\Final Stretch\SciFig-Evaluation-main\SciFig-Evaluation-main\adversarial_experiments\blur_figure_in_page\generated\fig_188_page.png,D:\Research\Final Stretch\SciFig-Evaluation-main\SciFig-Evaluation-main\adversarial_experiments\blur_figure_in_page\generated\fig_188_page_adverserial.png,template,,,
fig_189,15,ok,0.749095,,D:\Research\Final Stretch\SciFig-Evaluation-main\SciFig-Evaluation-main\adversarial_experiments\blur_figure_in_page\generated\fig_189_page.png,D:\Research\Final Stretch\SciFig-Evaluation-main\SciFig-Evaluation-main\adversarial_experiments\blur_figure_in_page\generated\fig_189_page_adverserial.png,template,,,
fig_190,8,manual,0.553793,,D:\Research\Final Stretch\SciFig-Evaluation-main\SciFig-Evaluation-main\adversarial_experiments\blur_figure_in_page\generated\fig_190_page.png,,below_threshold,,,
fig_191,9,manual,0.457848,,D:\Research\Final Stretch\SciFig-Evaluation-main\SciFig-Evaluation-main\adversarial_experiments\blur_figure_in_page\generated\fig_191_page.png,,below_threshold,,,
fig_192,7,ok,0.78749,,D:\Research\Final Stretch\SciFig-Evaluation-main\SciFig-Evaluation-main\adversarial_experiments\blur_figure_in_page\generated\fig_192_page.png,D:\Research\Final Stretch\SciFig-Evaluation-main\SciFig-Evaluation-main\adversarial_experiments\blur_figure_in_page\generated\fig_192_page_adverserial.png,template,,,
fig_193,28,ok,0.888738,0.333903,D:\Research\Final Stretch\SciFig-Evaluation-main\SciFig-Evaluation-main\adversarial_experiments\blur_figure_in_page\generated\fig_193_page.png,D:\Research\Final Stretch\SciFig-Evaluation-main\SciFig-Evaluation-main\adversarial_experiments\blur_figure_in_page\generated\fig_193_page_adverserial.png,template,,,
fig_194,5,manual,1,1,D:\Research\Final Stretch\SciFig-Evaluation-main\SciFig-Evaluation-main\adversarial_experiments\blur_figure_in_page\generated\fig_194_page.png,,ambiguous,,,
fig_195,11,ok,0.77925,,D:\Research\Final Stretch\SciFig-Evaluation-main\SciFig-Evaluation-main\adversarial_experiments\blur_figure_in_page\generated\fig_195_page.png,D:\Research\Final Stretch\SciFig-Evaluation-main\SciFig-Evaluation-main\adversarial_experiments\blur_figure_in_page\generated\fig_195_page_adverserial.png,template,,,
fig_196,7,ok,0.832116,,D:\Research\Final Stretch\SciFig-Evaluation-main\SciFig-Evaluation-main\adversarial_experiments\blur_figure_in_page\generated\fig_196_page.png,D:\Research\Final Stretch\SciFig-Evaluation-main\SciFig-Evaluation-main\adversarial_experiments\blur_figure_in_page\generated\fig_196_page_adverserial.png,template,,,
fig_197,7,ok,0.667852,,D:\Research\Final Stretch\SciFig-Evaluation-main\SciFig-Evaluation-main\adversarial_experiments\blur_figure_in_page\generated\fig_197_page.png,D:\Research\Final Stretch\SciFig-Evaluation-main\SciFig-Evaluation-main\adversarial_experiments\blur_figure_in_page\generated\fig_197_page_adverserial.png,template,,,
fig_198,7,ok,0.831055,,D:\Research\Final Stretch\SciFig-Evaluation-main\SciFig-Evaluation-main\adversarial_experiments\blur_figure_in_page\generated\fig_198_page.png,D:\Research\Final Stretch\SciFig-Evaluation-main\SciFig-Evaluation-main\adversarial_experiments\blur_figure_in_page\generated\fig_198_page_adverserial.png,template,,,
fig_199,10,ok,0.735319,0.032784,D:\Research\Final Stretch\SciFig-Evaluation-main\SciFig-Evaluation-main\adversarial_experiments\blur_figure_in_page\generated\fig_199_page.png,D:\Research\Final Stretch\SciFig-Evaluation-main\SciFig-Evaluation-main\adversarial_experiments\blur_figure_in_page\generated\fig_199_page_adverserial.png,template,,,
fig_200,4,ok,0.977776,,D:\Research\Final Stretch\SciFig-Evaluation-main\SciFig-Evaluation-main\adversarial_experiments\blur_figure_in_page\generated\fig_200_page.png,D:\Research\Final Stretch\SciFig-Evaluation-main\SciFig-Evaluation-main\adversarial_experiments\blur_figure_in_page\generated\fig_200_page_adverserial.png,template,,,
fig_201,2,ok,0.887013,,D:\Research\Final Stretch\SciFig-Evaluation-main\SciFig-Evaluation-main\adversarial_experiments\blur_figure_in_page\generated\fig_201_page.png,D:\Research\Final Stretch\SciFig-Evaluation-main\SciFig-Evaluation-main\adversarial_experiments\blur_figure_in_page\generated\fig_201_page_adverserial.png,template,,,
fig_202,5,ok,0.812871,,D:\Research\Final Stretch\SciFig-Evaluation-main\SciFig-Evaluation-main\adversarial_experiments\blur_figure_in_page\generated\fig_202_page.png,D:\Research\Final Stretch\SciFig-Evaluation-main\SciFig-Evaluation-main\adversarial_experiments\blur_figure_in_page\generated\fig_202_page_adverserial.png,template,,,
fig_203,5,manual,0.987505,0.987504,D:\Research\Final Stretch\SciFig-Evaluation-main\SciFig-Evaluation-main\adversarial_experiments\blur_figure_in_page\generated\fig_203_page.png,,ambiguous,,,
fig_204,13,ok,0.954598,,D:\Research\Final Stretch\SciFig-Evaluation-main\SciFig-Evaluation-main\adversarial_experiments\blur_figure_in_page\generated\fig_204_page.png,D:\Research\Final Stretch\SciFig-Evaluation-main\SciFig-Evaluation-main\adversarial_experiments\blur_figure_in_page\generated\fig_204_page_adverserial.png,template,,,
fig_205,2,manual,0.463422,,D:\Research\Final Stretch\SciFig-Evaluation-main\SciFig-Evaluation-main\adversarial_experiments\blur_figure_in_page\generated\fig_205_page.png,,below_threshold,,,
fig_206,6,ok,0.934237,,D:\Research\Final Stretch\SciFig-Evaluation-main\SciFig-Evaluation-main\adversarial_experiments\blur_figure_in_page\generated\fig_206_page.png,D:\Research\Final Stretch\SciFig-Evaluation-main\SciFig-Evaluation-main\adversarial_experiments\blur_figure_in_page\generated\fig_206_page_adverserial.png,template,,,
fig_207,3,ok,0.959486,,D:\Research\Final Stretch\SciFig-Evaluation-main\SciFig-Evaluation-main\adversarial_experiments\blur_figure_in_page\generated\fig_207_page.png,D:\Research\Final Stretch\SciFig-Evaluation-main\SciFig-Evaluation-main\adversarial_experiments\blur_figure_in_page\generated\fig_207_page_adverserial.png,template,,,
fig_208,15,ok,0.926365,,D:\Research\Final Stretch\SciFig-Evaluation-main\SciFig-Evaluation-main\adversarial_experiments\blur_figure_in_page\generated\fig_208_page.png,D:\Research\Final Stretch\SciFig-Evaluation-main\SciFig-Evaluation-main\adversarial_experiments\blur_figure_in_page\generated\fig_208_page_adverserial.png,template,,,
fig_209,10,ok,0.727664,,D:\Research\Final Stretch\SciFig-Evaluation-main\SciFig-Evaluation-main\adversarial_experiments\blur_figure_in_page\generated\fig_209_page.png,D:\Research\Final Stretch\SciFig-Evaluation-main\SciFig-Evaluation-main\adversarial_experiments\blur_figure_in_page\generated\fig_209_page_adverserial.png,template,,,
fig_210,2,ok,0.855671,,D:\Research\Final Stretch\SciFig-Evaluation-main\SciFig-Evaluation-main\adversarial_experiments\blur_figure_in_page\generated\fig_210_page.png,D:\Research\Final Stretch\SciFig-Evaluation-main\SciFig-Evaluation-main\adversarial_experiments\blur_figure_in_page\generated\fig_210_page_adverserial.png,template,,,
fig_211,4,ok,0.887811,0.175204,D:\Research\Final Stretch\SciFig-Evaluation-main\SciFig-Evaluation-main\adversarial_experiments\blur_figure_in_page\generated\fig_211_page.png,D:\Research\Final Stretch\SciFig-Evaluation-main\SciFig-Evaluation-main\adversarial_experiments\blur_figure_in_page\generated\fig_211_page_adverserial.png,template,,,
fig_212,17,ok,0.981303,0.243343,D:\Research\Final Stretch\SciFig-Evaluation-main\SciFig-Evaluation-main\adversarial_experiments\blur_figure_in_page\generated\fig_212_page.png,D:\Research\Final Stretch\SciFig-Evaluation-main\SciFig-Evaluation-main\adversarial_experiments\blur_figure_in_page\generated\fig_212_page_adverserial.png,template,,,
fig_213,5,match_failed,0.170335,,D:\Research\Final Stretch\SciFig-Evaluation-main\SciFig-Evaluation-main\adversarial_experiments\blur_figure_in_page\generated\fig_213_page.png,,below_threshold,,,
fig_214,3,manual,0.756817,0.756687,D:\Research\Final Stretch\SciFig-Evaluation-main\SciFig-Evaluation-main\adversarial_experiments\blur_figure_in_page\generated\fig_214_page.png,,ambiguous,,,
fig_215,20,ok,0.624791,0.140946,D:\Research\Final Stretch\SciFig-Evaluation-main\SciFig-Evaluation-main\adversarial_experiments\blur_figure_in_page\generated\fig_215_page.png,D:\Research\Final Stretch\SciFig-Evaluation-main\SciFig-Evaluation-main\adversarial_experiments\blur_figure_in_page\generated\fig_215_page_adverserial.png,template,,,
fig_216,5,ok,0.713863,,D:\Research\Final Stretch\SciFig-Evaluation-main\SciFig-Evaluation-main\adversarial_experiments\blur_figure_in_page\generated\fig_216_page.png,D:\Research\Final Stretch\SciFig-Evaluation-main\SciFig-Evaluation-main\adversarial_experiments\blur_figure_in_page\generated\fig_216_page_adverserial.png,template,,,
fig_217,5,ok,0.971556,,D:\Research\Final Stretch\SciFig-Evaluation-main\SciFig-Evaluation-main\adversarial_experiments\blur_figure_in_page\generated\fig_217_page.png,D:\Research\Final Stretch\SciFig-Evaluation-main\SciFig-Evaluation-main\adversarial_experiments\blur_figure_in_page\generated\fig_217_page_adverserial.png,template,,,
fig_218,10,ok,0.860194,,D:\Research\Final Stretch\SciFig-Evaluation-main\SciFig-Evaluation-main\adversarial_experiments\blur_figure_in_page\generated\fig_218_page.png,D:\Research\Final Stretch\SciFig-Evaluation-main\SciFig-Evaluation-main\adversarial_experiments\blur_figure_in_page\generated\fig_218_page_adverserial.png,template,,,
fig_219,7,ok,0.81512,,D:\Research\Final Stretch\SciFig-Evaluation-main\SciFig-Evaluation-main\adversarial_experiments\blur_figure_in_page\generated\fig_219_page.png,D:\Research\Final Stretch\SciFig-Evaluation-main\SciFig-Evaluation-main\adversarial_experiments\blur_figure_in_page\generated\fig_219_page_adverserial.png,template,,,
fig_220,7,ok,0.620529,0.002586,D:\Research\Final Stretch\SciFig-Evaluation-main\SciFig-Evaluation-main\adversarial_experiments\blur_figure_in_page\generated\fig_220_page.png,D:\Research\Final Stretch\SciFig-Evaluation-main\SciFig-Evaluation-main\adversarial_experiments\blur_figure_in_page\generated\fig_220_page_adverserial.png,template,,,
fig_221,3,ok,0.932102,0.813261,D:\Research\Final Stretch\SciFig-Evaluation-main\SciFig-Evaluation-main\adversarial_experiments\blur_figure_in_page\generated\fig_221_page.png,D:\Research\Final Stretch\SciFig-Evaluation-main\SciFig-Evaluation-main\adversarial_experiments\blur_figure_in_page\generated\fig_221_page_adverserial.png,template,,,
fig_222,9,ok,0.961959,,D:\Research\Final Stretch\SciFig-Evaluation-main\SciFig-Evaluation-main\adversarial_experiments\blur_figure_in_page\generated\fig_222_page.png,D:\Research\Final Stretch\SciFig-Evaluation-main\SciFig-Evaluation-main\adversarial_experiments\blur_figure_in_page\generated\fig_222_page_adverserial.png,template,,,
fig_223,17,ok,0.952595,,D:\Research\Final Stretch\SciFig-Evaluation-main\SciFig-Evaluation-main\adversarial_experiments\blur_figure_in_page\generated\fig_223_page.png,D:\Research\Final Stretch\SciFig-Evaluation-main\SciFig-Evaluation-main\adversarial_experiments\blur_figure_in_page\generated\fig_223_page_adverserial.png,template,,,
fig_224,6,ok,0.979429,0.212101,D:\Research\Final Stretch\SciFig-Evaluation-main\SciFig-Evaluation-main\adversarial_experiments\blur_figure_in_page\generated\fig_224_page.png,D:\Research\Final Stretch\SciFig-Evaluation-main\SciFig-Evaluation-main\adversarial_experiments\blur_figure_in_page\generated\fig_224_page_adverserial.png,template,,,
fig_225,6,ok,0.95847,,D:\Research\Final Stretch\SciFig-Evaluation-main\SciFig-Evaluation-main\adversarial_experiments\blur_figure_in_page\generated\fig_225_page.png,D:\Research\Final Stretch\SciFig-Evaluation-main\SciFig-Evaluation-main\adversarial_experiments\blur_figure_in_page\generated\fig_225_page_adverserial.png,template,,,
fig_226,5,ok,0.801634,0.629401,D:\Research\Final Stretch\SciFig-Evaluation-main\SciFig-Evaluation-main\adversarial_experiments\blur_figure_in_page\generated\fig_226_page.png,D:\Research\Final Stretch\SciFig-Evaluation-main\SciFig-Evaluation-main\adversarial_experiments\blur_figure_in_page\generated\fig_226_page_adverserial.png,template,,,
fig_227,4,ok,0.811261,0.373828,D:\Research\Final Stretch\SciFig-Evaluation-main\SciFig-Evaluation-main\adversarial_experiments\blur_figure_in_page\generated\fig_227_page.png,D:\Research\Final Stretch\SciFig-Evaluation-main\SciFig-Evaluation-main\adversarial_experiments\blur_figure_in_page\generated\fig_227_page_adverserial.png,template,,,
fig_228,13,ok,0.982146,,D:\Research\Final Stretch\SciFig-Evaluation-main\SciFig-Evaluation-main\adversarial_experiments\blur_figure_in_page\generated\fig_228_page.png,D:\Research\Final Stretch\SciFig-Evaluation-main\SciFig-Evaluation-main\adversarial_experiments\blur_figure_in_page\generated\fig_228_page_adverserial.png,template,,,
fig_229,7,ok,0.910017,,D:\Research\Final Stretch\SciFig-Evaluation-main\SciFig-Evaluation-main\adversarial_experiments\blur_figure_in_page\generated\fig_229_page.png,D:\Research\Final Stretch\SciFig-Evaluation-main\SciFig-Evaluation-main\adversarial_experiments\blur_figure_in_page\generated\fig_229_page_adverserial.png,template,,,
fig_230,2,manual,1,1,D:\Research\Final Stretch\SciFig-Evaluation-main\SciFig-Evaluation-main\adversarial_experiments\blur_figure_in_page\generated\fig_230_page.png,,ambiguous,,,
fig_231,7,ok,0.966698,,D:\Research\Final Stretch\SciFig-Evaluation-main\SciFig-Evaluation-main\adversarial_experiments\blur_figure_in_page\generated\fig_231_page.png,D:\Research\Final Stretch\SciFig-Evaluation-main\SciFig-Evaluation-main\adversarial_experiments\blur_figure_in_page\generated\fig_231_page_adverserial.png,template,,,
fig_232,5,manual,0.898128,0.868587,D:\Research\Final Stretch\SciFig-Evaluation-main\SciFig-Evaluation-main\adversarial_experiments\blur_figure_in_page\generated\fig_232_page.png,,ambiguous,,,
fig_233,18,ok,0.915779,,D:\Research\Final Stretch\SciFig-Evaluation-main\SciFig-Evaluation-main\adversarial_experiments\blur_figure_in_page\generated\fig_233_page.png,D:\Research\Final Stretch\SciFig-Evaluation-main\SciFig-Evaluation-main\adversarial_experiments\blur_figure_in_page\generated\fig_233_page_adverserial.png,template,,,
fig_234,5,ok,0.971339,0.474431,D:\Research\Final Stretch\SciFig-Evaluation-main\SciFig-Evaluation-main\adversarial_experiments\blur_figure_in_page\generated\fig_234_page.png,D:\Research\Final Stretch\SciFig-Evaluation-main\SciFig-Evaluation-main\adversarial_experiments\blur_figure_in_page\generated\fig_234_page_adverserial.png,template,,,
fig_235,11,manual,0.635733,0.635731,D:\Research\Final Stretch\SciFig-Evaluation-main\SciFig-Evaluation-main\adversarial_experiments\blur_figure_in_page\generated\fig_235_page.png,,ambiguous,,,
fig_236,4,manual,0.475186,0.464298,D:\Research\Final Stretch\SciFig-Evaluation-main\SciFig-Evaluation-main\adversarial_experiments\blur_figure_in_page\generated\fig_236_page.png,,below_threshold,,,
fig_237,13,ok,0.991969,,D:\Research\Final Stretch\SciFig-Evaluation-main\SciFig-Evaluation-main\adversarial_experiments\blur_figure_in_page\generated\fig_237_page.png,D:\Research\Final Stretch\SciFig-Evaluation-main\SciFig-Evaluation-main\adversarial_experiments\blur_figure_in_page\generated\fig_237_page_adverserial.png,template,,,
fig_238,5,ok,0.922161,,D:\Research\Final Stretch\SciFig-Evaluation-main\SciFig-Evaluation-main\adversarial_experiments\blur_figure_in_page\generated\fig_238_page.png,D:\Research\Final Stretch\SciFig-Evaluation-main\SciFig-Evaluation-main\adversarial_experiments\blur_figure_in_page\generated\fig_238_page_adverserial.png,template,,,
fig_239,9,manual,1,1,D:\Research\Final Stretch\SciFig-Evaluation-main\SciFig-Evaluation-main\adversarial_experiments\blur_figure_in_page\generated\fig_239_page.png,,ambiguous,,,
fig_240,8,ok,0.940343,,D:\Research\Final Stretch\SciFig-Evaluation-main\SciFig-Evaluation-main\adversarial_experiments\blur_figure_in_page\generated\fig_240_page.png,D:\Research\Final Stretch\SciFig-Evaluation-main\SciFig-Evaluation-main\adversarial_experiments\blur_figure_in_page\generated\fig_240_page_adverserial.png,template,,,
fig_241,1,ok,0.982836,,D:\Research\Final Stretch\SciFig-Evaluation-main\SciFig-Evaluation-main\adversarial_experiments\blur_figure_in_page\generated\fig_241_page.png,D:\Research\Final Stretch\SciFig-Evaluation-main\SciFig-Evaluation-main\adversarial_experiments\blur_figure_in_page\generated\fig_241_page_adverserial.png,template,,,
fig_242,11,ok,0.820854,0.686595,D:\Research\Final Stretch\SciFig-Evaluation-main\SciFig-Evaluation-main\adversarial_experiments\blur_figure_in_page\generated\fig_242_page.png,D:\Research\Final Stretch\SciFig-Evaluation-main\SciFig-Evaluation-main\adversarial_experiments\blur_figure_in_page\generated\fig_242_page_adverserial.png,template,,,
fig_243,3,ok,0.925131,,D:\Research\Final Stretch\SciFig-Evaluation-main\SciFig-Evaluation-main\adversarial_experiments\blur_figure_in_page\generated\fig_243_page.png,D:\Research\Final Stretch\SciFig-Evaluation-main\SciFig-Evaluation-main\adversarial_experiments\blur_figure_in_page\generated\fig_243_page_adverserial.png,template,,,
fig_244,10,manual,0.766198,0.730801,D:\Research\Final Stretch\SciFig-Evaluation-main\SciFig-Evaluation-main\adversarial_experiments\blur_figure_in_page\generated\fig_244_page.png,,ambiguous,,,
fig_245,12,ok,0.983476,0.795777,D:\Research\Final Stretch\SciFig-Evaluation-main\SciFig-Evaluation-main\adversarial_experiments\blur_figure_in_page\generated\fig_245_page.png,D:\Research\Final Stretch\SciFig-Evaluation-main\SciFig-Evaluation-main\adversarial_experiments\blur_figure_in_page\generated\fig_245_page_adverserial.png,template,,,
fig_246,9,manual,1,1,D:\Research\Final Stretch\SciFig-Evaluation-main\SciFig-Evaluation-main\adversarial_experiments\blur_figure_in_page\generated\fig_246_page.png,,ambiguous,,,
fig_247,6,ok,0.832393,,D:\Research\Final Stretch\SciFig-Evaluation-main\SciFig-Evaluation-main\adversarial_experiments\blur_figure_in_page\generated\fig_247_page.png,D:\Research\Final Stretch\SciFig-Evaluation-main\SciFig-Evaluation-main\adversarial_experiments\blur_figure_in_page\generated\fig_247_page_adverserial.png,template,,,
fig_248,6,ok,0.975556,,D:\Research\Final Stretch\SciFig-Evaluation-main\SciFig-Evaluation-main\adversarial_experiments\blur_figure_in_page\generated\fig_248_page.png,D:\Research\Final Stretch\SciFig-Evaluation-main\SciFig-Evaluation-main\adversarial_experiments\blur_figure_in_page\generated\fig_248_page_adverserial.png,template,,,
fig_249,9,manual,1,1,D:\Research\Final Stretch\SciFig-Evaluation-main\SciFig-Evaluation-main\adversarial_experiments\blur_figure_in_page\generated\fig_249_page.png,,ambiguous,,,
fig_250,18,ok,0.945887,,D:\Research\Final Stretch\SciFig-Evaluation-main\SciFig-Evaluation-main\adversarial_experiments\blur_figure_in_page\generated\fig_250_page.png,D:\Research\Final Stretch\SciFig-Evaluation-main\SciFig-Evaluation-main\adversarial_experiments\blur_figure_in_page\generated\fig_250_page_adverserial.png,template,,,
